pressure_atm,pressure_Pa,rho_ideal,rho_nist_est
1,101325,0.16259365007827617,0.16250385946666235
2,202650,0.32518730015655234,0.3250077189333247
5,506625,0.8129682503913808,0.8125192973333116
10,1013250,1.6259365007827615,1.6250385946666233
15,1519875,2.4389047511741424,2.437557891999935
